User_ID,RFM_Score,Customer_Segment,R,F,M,recency_days,frequency,monetary,avg_order_value,aov_benchmark,total_orders,avg_days_between_orders,country
6,555,Champion,5,5,5,15,15,2614.02,174.27,Above Average,15,23.4,India
2,555,Champion,5,5,5,15,15,2541.58,169.44,Above Average,15,20.7,Pakistan
4,555,Champion,5,5,5,10,14,2299.09,164.22,Above Average,14,23.9,France
7,555,Champion,5,5,5,10,12,2198.61,183.22,Above Average,12,24.5,USA
1,555,Champion,5,5,5,6,11,2092.76,190.25,Above Average,11,25.5,UAE
15,555,Champion,5,5,5,8,11,1816.03,165.09,Above Average,11,30.0,India
5,555,Champion,5,5,5,4,13,1790.7,137.75,Above Average,13,29.8,Canada
14,555,Champion,5,5,5,15,12,1790.1599999999999,149.18,Above Average,12,19.5,France
10,555,Champion,5,5,5,15,11,1748.77,158.98,Above Average,11,26.2,UK
8,555,Champion,5,5,5,5,10,1737.75,173.78,Above Average,10,23.8,Brazil
13,555,Champion,5,5,5,9,9,1566.23,174.03,Above Average,9,26.6,India
9,455,Champion,4,5,5,16,11,1709.29,155.39,Above Average,11,23.2,Brazil
12,455,Champion,4,5,5,20,10,1518.06,151.81,Above Average,10,23.4,Australia
11,455,Champion,4,5,5,20,8,1276.89,159.61,Above Average,8,32.0,UK
3,545,Champion,5,4,5,11,7,1121.69,160.24,Above Average,7,28.0,USA
24,455,Champion,4,5,5,15,9,955.69,106.19,Below Average,9,41.6,Canada
58,355,Loyal Customer,3,5,5,109,8,916.64,114.58,Below Average,8,37.1,France
16,544,Champion,5,4,4,12,7,823.77,117.68,Above Average,7,42.0,France
23,544,Champion,5,4,4,9,6,468.14,78.02,Below Average,6,47.0,Pakistan
19,354,Loyal Customer,3,5,4,29,9,759.21,84.36,Below Average,9,35.6,India
22,444,Champion,4,4,4,25,8,707.89,88.49,Below Average,8,34.9,Canada
20,444,Champion,4,4,4,20,8,678.8,84.85,Below Average,8,41.4,UK
31,444,Champion,4,4,4,23,6,577.84,96.31,Below Average,6,40.2,Canada
53,344,Loyal Customer,3,4,4,115,6,715.44,119.24,Above Average,6,28.2,UK
46,344,Loyal Customer,3,4,4,93,8,687.34,85.92,Below Average,8,25.7,Canada
21,344,Loyal Customer,3,4,4,53,7,661.76,94.54,Below Average,7,37.8,France
28,344,Loyal Customer,3,4,4,30,6,613.33,102.22,Below Average,6,38.2,UAE
25,344,Loyal Customer,3,4,4,33,5,599.87,119.97,Above Average,5,40.0,UAE
47,344,Loyal Customer,3,4,4,118,6,574.0600000000001,95.68,Below Average,6,39.6,Germany
17,344,Loyal Customer,3,4,4,37,6,516.41,86.07,Below Average,6,37.2,Pakistan
32,344,Loyal Customer,3,4,4,33,5,510.99,102.2,Below Average,5,30.3,UK
54,244,At Risk,2,4,4,159,8,912.06,114.01,Below Average,8,36.0,Canada
55,244,At Risk,2,4,4,123,8,846.94,105.87,Below Average,8,28.4,France
52,244,At Risk,2,4,4,139,6,607.61,101.27,Below Average,6,28.2,Pakistan
49,244,At Risk,2,4,4,135,7,595.89,85.13,Below Average,7,32.0,Australia
26,433,Others,4,3,3,20,5,455.77,91.15,Below Average,5,63.0,Canada
29,433,Others,4,3,3,24,5,389.95,77.99,Below Average,5,26.5,Brazil
33,433,Others,4,3,3,16,4,355.42,88.86,Below Average,4,46.0,Australia
30,333,Needs Attention,3,3,3,62,5,379.9,75.98,Below Average,5,38.8,Canada
18,333,Needs Attention,3,3,3,40,4,377.40000000000003,94.35,Below Average,4,55.7,UK
56,333,Needs Attention,3,3,3,99,4,361.21,90.3,Below Average,4,30.3,USA
27,333,Needs Attention,3,3,3,106,3,328.34,109.45,Below Average,3,30.5,Brazil
42,522,New Customer,5,2,2,2,1,79.25,79.25,Below Average,1,,Germany
48,233,At Risk,2,3,3,147,4,383.79,95.95,Below Average,4,32.7,USA
59,233,At Risk,2,3,3,138,5,368.48,73.7,Below Average,5,31.5,UAE
57,233,At Risk,2,3,3,197,3,264.57,88.19,Below Average,3,23.5,Australia
50,233,At Risk,2,3,3,130,3,253.75,84.58,Below Average,3,33.5,UAE
74,233,At Risk,2,3,3,249,3,195.35,65.12,Below Average,3,55.5,Brazil
51,233,At Risk,2,3,3,143,3,181.39,60.46,Below Average,3,36.5,Canada
45,422,New Customer,4,2,2,24,2,140.18,70.09,Below Average,2,17.0,Canada
41,422,New Customer,4,2,2,16,1,88.83,88.83,Below Average,1,,Brazil
43,422,New Customer,4,2,2,23,1,81.01,81.01,Below Average,1,,Pakistan
38,422,New Customer,4,2,2,23,2,71.31,35.66,Below Average,2,10.0,Australia
35,422,New Customer,4,2,2,21,1,69.7,69.7,Below Average,1,,Australia
36,512,New Customer,5,1,2,9,1,69.03,69.03,Below Average,1,,Pakistan
75,133,At Risk,1,3,3,341,5,333.04,66.61,Below Average,5,64.0,Canada
64,133,At Risk,1,3,3,284,4,215.14000000000001,53.79,Below Average,4,42.7,Germany
66,133,At Risk,1,3,3,430,3,180.14,60.05,Below Average,3,37.0,UAE
69,232,Hibernating,2,3,2,240,3,130.26,43.42,Below Average,3,45.5,Pakistan
88,322,Needs Attention,3,2,2,95,1,73.2,73.2,Below Average,1,,UAE
80,322,Needs Attention,3,2,2,96,1,72.61,72.61,Below Average,1,,France
44,322,Needs Attention,3,2,2,38,1,70.93,70.93,Below Average,1,,France
39,421,New Customer,4,2,1,22,2,68.87,34.44,Below Average,2,20.0,UK
34,511,New Customer,5,1,1,6,1,20.84,20.84,Below Average,1,,India
72,123,Hibernating,1,2,3,295,2,157.47,78.73,Below Average,2,51.0,Pakistan
62,123,Hibernating,1,2,3,378,2,147.79,73.89,Below Average,2,57.0,Canada
70,132,Hibernating,1,3,2,297,3,127.86999999999999,42.62,Below Average,3,50.0,India
86,222,Lost,2,2,2,124,1,69.33,69.33,Below Average,1,,UAE
37,411,New Customer,4,1,1,24,1,56.03,56.03,Below Average,1,,India
40,411,New Customer,4,1,1,22,1,55.61,55.61,Below Average,1,,Pakistan
71,122,Lost,1,2,2,399,2,109.86,54.93,Below Average,2,54.0,Germany
68,122,Lost,1,2,2,303,2,92.94,46.47,Below Average,2,37.0,Pakistan
67,122,Lost,1,2,2,267,1,87.09,87.09,Below Average,1,,UAE
79,122,Lost,1,2,2,297,1,86.37,86.37,Below Average,1,,Pakistan
87,122,Lost,1,2,2,421,1,80.07,80.07,Below Average,1,,USA
90,311,Hibernating,3,1,1,76,1,60.45,60.45,Below Average,1,,Canada
73,211,Lost,2,1,1,255,1,63.98,63.98,Below Average,1,,India
82,211,Lost,2,1,1,259,1,62.89,62.89,Below Average,1,,Germany
77,211,Lost,2,1,1,224,1,22.67,22.67,Below Average,1,,Pakistan
81,211,Lost,2,1,1,186,1,22.05,22.05,Below Average,1,,India
61,211,Lost,2,1,1,261,1,21.99,21.99,Below Average,1,,Germany
63,211,Lost,2,1,1,245,1,15.54,15.54,Below Average,1,,France
60,111,Lost,1,1,1,267,1,59.74,59.74,Below Average,1,,Germany
84,111,Lost,1,1,1,262,1,50.65,50.65,Below Average,1,,Brazil
65,111,Lost,1,1,1,275,1,45.05,45.05,Below Average,1,,Canada
85,111,Lost,1,1,1,454,1,41.66,41.66,Below Average,1,,Canada
78,111,Lost,1,1,1,432,1,40.64,40.64,Below Average,1,,Canada
76,111,Lost,1,1,1,392,1,35.41,35.41,Below Average,1,,France
83,111,Lost,1,1,1,401,1,16.13,16.13,Below Average,1,,Australia
